request_timestamp,response_timestamp,latency,payload,prediction,error
2025-11-07T15:29:24.863989,2025-11-07T15:29:24.957543,0.093554,{'message': 'president found on moon'},FAKE,
2025-11-07T15:29:25.058171,2025-11-07T15:29:25.117402,0.059231,{'message': 'price of cheese falls'},FAKE,
2025-11-07T15:29:25.217976,2025-11-07T15:29:25.549542,0.331566,{'message': 'trump puts tariffs on canada'},REAL,
2025-11-07T15:29:25.650156,2025-11-07T15:29:25.706157,0.056001,{'message': 'the king is alive'},REAL,
2025-11-07T15:29:25.807045,2025-11-07T15:29:25.866628,0.059583,{'message': 'president found on moon'},FAKE,
2025-11-07T15:29:25.967328,2025-11-07T15:29:26.031201,0.063873,{'message': 'price of cheese falls'},FAKE,
2025-11-07T15:29:26.131746,2025-11-07T15:29:26.190197,0.058451,{'message': 'trump puts tariffs on canada'},REAL,
2025-11-07T15:29:26.290824,2025-11-07T15:29:26.357361,0.066537,{'message': 'the king is alive'},REAL,
2025-11-07T15:29:26.457900,2025-11-07T15:29:26.513532,0.055632,{'message': 'president found on moon'},FAKE,
2025-11-07T15:29:26.614683,2025-11-07T15:29:26.681260,0.066577,{'message': 'price of cheese falls'},FAKE,
2025-11-07T15:29:26.782173,2025-11-07T15:29:26.837985,0.055812,{'message': 'trump puts tariffs on canada'},REAL,
2025-11-07T15:29:26.938349,2025-11-07T15:29:26.997960,0.059611,{'message': 'the king is alive'},REAL,
2025-11-07T15:29:27.098816,2025-11-07T15:29:27.157764,0.058948,{'message': 'president found on moon'},FAKE,
2025-11-07T15:29:27.258192,2025-11-07T15:29:27.321849,0.063657,{'message': 'price of cheese falls'},FAKE,
2025-11-07T15:29:27.423100,2025-11-07T15:29:27.481953,0.058853,{'message': 'trump puts tariffs on canada'},REAL,
2025-11-07T15:29:27.582801,2025-11-07T15:29:27.641327,0.058526,{'message': 'the king is alive'},REAL,
2025-11-07T15:29:27.742046,2025-11-07T15:29:27.806485,0.064439,{'message': 'president found on moon'},FAKE,
2025-11-07T15:29:27.907296,2025-11-07T15:29:27.969514,0.062218,{'message': 'price of cheese falls'},FAKE,
2025-11-07T15:29:28.070228,2025-11-07T15:29:28.133400,0.063172,{'message': 'trump puts tariffs on canada'},REAL,
2025-11-07T15:29:28.234133,2025-11-07T15:29:28.289787,0.055654,{'message': 'the king is alive'},REAL,
2025-11-07T15:29:28.390256,2025-11-07T15:29:28.445930,0.055674,{'message': 'president found on moon'},FAKE,
2025-11-07T15:29:28.546785,2025-11-07T15:29:28.610338,0.063553,{'message': 'price of cheese falls'},FAKE,
2025-11-07T15:29:28.710972,2025-11-07T15:29:28.777920,0.066948,{'message': 'trump puts tariffs on canada'},REAL,
2025-11-07T15:29:28.878621,2025-11-07T15:29:28.940048,0.061427,{'message': 'the king is alive'},REAL,
2025-11-07T15:29:29.041413,2025-11-07T15:29:29.100538,0.059125,{'message': 'president found on moon'},FAKE,
2025-11-07T15:29:29.201191,2025-11-07T15:29:29.257753,0.056562,{'message': 'price of cheese falls'},FAKE,
2025-11-07T15:29:29.358110,2025-11-07T15:29:29.418436,0.060326,{'message': 'trump puts tariffs on canada'},REAL,
2025-11-07T15:29:29.519170,2025-11-07T15:29:29.578277,0.059107,{'message': 'the king is alive'},REAL,
2025-11-07T15:29:29.678723,2025-11-07T15:29:29.742137,0.063414,{'message': 'president found on moon'},FAKE,
2025-11-07T15:29:29.842914,2025-11-07T15:29:29.902383,0.059469,{'message': 'price of cheese falls'},FAKE,
2025-11-07T15:29:30.003187,2025-11-07T15:29:30.062500,0.059313,{'message': 'trump puts tariffs on canada'},REAL,
2025-11-07T15:29:30.163455,2025-11-07T15:29:30.226055,0.0626,{'message': 'the king is alive'},REAL,
2025-11-07T15:29:30.326881,2025-11-07T15:29:30.390480,0.063599,{'message': 'president found on moon'},FAKE,
2025-11-07T15:29:30.490932,2025-11-07T15:29:30.550417,0.059485,{'message': 'price of cheese falls'},FAKE,
2025-11-07T15:29:30.651045,2025-11-07T15:29:30.710396,0.059351,{'message': 'trump puts tariffs on canada'},REAL,
2025-11-07T15:29:30.811086,2025-11-07T15:29:30.869883,0.058797,{'message': 'the king is alive'},REAL,
2025-11-07T15:29:30.971051,2025-11-07T15:29:31.030669,0.059618,{'message': 'president found on moon'},FAKE,
2025-11-07T15:29:31.131224,2025-11-07T15:29:31.194508,0.063284,{'message': 'price of cheese falls'},FAKE,
2025-11-07T15:29:31.295278,2025-11-07T15:29:31.354041,0.058763,{'message': 'trump puts tariffs on canada'},REAL,
2025-11-07T15:29:31.454822,2025-11-07T15:29:31.522060,0.067238,{'message': 'the king is alive'},REAL,
2025-11-07T15:29:31.622876,2025-11-07T15:29:31.699078,0.076202,{'message': 'president found on moon'},FAKE,
2025-11-07T15:29:31.800983,2025-11-07T15:29:31.858063,0.05708,{'message': 'price of cheese falls'},FAKE,
2025-11-07T15:29:31.958949,2025-11-07T15:29:32.021774,0.062825,{'message': 'trump puts tariffs on canada'},REAL,
2025-11-07T15:29:32.122880,2025-11-07T15:29:32.183029,0.060149,{'message': 'the king is alive'},REAL,
2025-11-07T15:29:32.284337,2025-11-07T15:29:32.346092,0.061755,{'message': 'president found on moon'},FAKE,
2025-11-07T15:29:32.446516,2025-11-07T15:29:32.504104,0.057588,{'message': 'price of cheese falls'},FAKE,
2025-11-07T15:29:32.605332,2025-11-07T15:29:32.663539,0.058207,{'message': 'trump puts tariffs on canada'},REAL,
2025-11-07T15:29:32.764725,2025-11-07T15:29:32.823340,0.058615,{'message': 'the king is alive'},REAL,
2025-11-07T15:29:32.923943,2025-11-07T15:29:32.989453,0.06551,{'message': 'president found on moon'},FAKE,
2025-11-07T15:29:33.090386,2025-11-07T15:29:34.161614,1.071228,{'message': 'price of cheese falls'},FAKE,
2025-11-07T15:29:34.262147,2025-11-07T15:29:34.323113,0.060966,{'message': 'trump puts tariffs on canada'},REAL,
2025-11-07T15:29:34.423765,2025-11-07T15:29:34.486933,0.063168,{'message': 'the king is alive'},REAL,
2025-11-07T15:29:34.587673,2025-11-07T15:29:34.646811,0.059138,{'message': 'president found on moon'},FAKE,
2025-11-07T15:29:34.747413,2025-11-07T15:29:34.802460,0.055047,{'message': 'price of cheese falls'},FAKE,
2025-11-07T15:29:34.903179,2025-11-07T15:29:34.963928,0.060749,{'message': 'trump puts tariffs on canada'},REAL,
2025-11-07T15:29:35.064488,2025-11-07T15:29:35.123287,0.058799,{'message': 'the king is alive'},REAL,
2025-11-07T15:29:35.224205,2025-11-07T15:29:35.282702,0.058497,{'message': 'president found on moon'},FAKE,
2025-11-07T15:29:35.383260,2025-11-07T15:29:35.444327,0.061067,{'message': 'price of cheese falls'},FAKE,
2025-11-07T15:29:35.544917,2025-11-07T15:29:35.603355,0.058438,{'message': 'trump puts tariffs on canada'},REAL,
2025-11-07T15:29:35.704034,2025-11-07T15:29:35.766889,0.062855,{'message': 'the king is alive'},REAL,
2025-11-07T15:29:35.867449,2025-11-07T15:29:35.926711,0.059262,{'message': 'president found on moon'},FAKE,
2025-11-07T15:29:36.027330,2025-11-07T15:29:36.084710,0.05738,{'message': 'price of cheese falls'},FAKE,
2025-11-07T15:29:36.185601,2025-11-07T15:29:36.242775,0.057174,{'message': 'trump puts tariffs on canada'},REAL,
2025-11-07T15:29:36.343649,2025-11-07T15:29:36.406540,0.062891,{'message': 'the king is alive'},REAL,
2025-11-07T15:29:36.507291,2025-11-07T15:29:36.562443,0.055152,{'message': 'president found on moon'},FAKE,
2025-11-07T15:29:36.663084,2025-11-07T15:29:36.722456,0.059372,{'message': 'price of cheese falls'},FAKE,
2025-11-07T15:29:36.823220,2025-11-07T15:29:36.887126,0.063906,{'message': 'trump puts tariffs on canada'},REAL,
2025-11-07T15:29:36.988194,2025-11-07T15:29:37.048542,0.060348,{'message': 'the king is alive'},REAL,
2025-11-07T15:29:37.149198,2025-11-07T15:29:37.207588,0.05839,{'message': 'president found on moon'},FAKE,
2025-11-07T15:29:37.308329,2025-11-07T15:29:37.366655,0.058326,{'message': 'price of cheese falls'},FAKE,
2025-11-07T15:29:37.467455,2025-11-07T15:29:37.531440,0.063985,{'message': 'trump puts tariffs on canada'},REAL,
2025-11-07T15:29:37.632164,2025-11-07T15:29:37.694128,0.061964,{'message': 'the king is alive'},REAL,
2025-11-07T15:29:37.794886,2025-11-07T15:29:37.850939,0.056053,{'message': 'president found on moon'},FAKE,
2025-11-07T15:29:37.951826,2025-11-07T15:29:38.016676,0.06485,{'message': 'price of cheese falls'},FAKE,
2025-11-07T15:29:38.117528,2025-11-07T15:29:38.175218,0.05769,{'message': 'trump puts tariffs on canada'},REAL,
2025-11-07T15:29:38.275780,2025-11-07T15:29:38.339031,0.063251,{'message': 'the king is alive'},REAL,
2025-11-07T15:29:38.439770,2025-11-07T15:29:38.495165,0.055395,{'message': 'president found on moon'},FAKE,
2025-11-07T15:29:38.596070,2025-11-07T15:29:38.659735,0.063665,{'message': 'price of cheese falls'},FAKE,
2025-11-07T15:29:38.760496,2025-11-07T15:29:38.818781,0.058285,{'message': 'trump puts tariffs on canada'},REAL,
2025-11-07T15:29:38.919513,2025-11-07T15:29:38.979266,0.059753,{'message': 'the king is alive'},REAL,
2025-11-07T15:29:39.080276,2025-11-07T15:29:39.141091,0.060815,{'message': 'president found on moon'},FAKE,
2025-11-07T15:29:39.241736,2025-11-07T15:29:39.299509,0.057773,{'message': 'price of cheese falls'},FAKE,
2025-11-07T15:29:39.400448,2025-11-07T15:29:39.459494,0.059046,{'message': 'trump puts tariffs on canada'},REAL,
2025-11-07T15:29:39.559894,2025-11-07T15:29:39.619617,0.059723,{'message': 'the king is alive'},REAL,
2025-11-07T15:29:39.720499,2025-11-07T15:29:39.784101,0.063602,{'message': 'president found on moon'},FAKE,
2025-11-07T15:29:39.885093,2025-11-07T15:29:39.943531,0.058438,{'message': 'price of cheese falls'},FAKE,
2025-11-07T15:29:40.044476,2025-11-07T15:29:40.104083,0.059607,{'message': 'trump puts tariffs on canada'},REAL,
2025-11-07T15:29:40.205047,2025-11-07T15:29:40.262949,0.057902,{'message': 'the king is alive'},REAL,
2025-11-07T15:29:40.363637,2025-11-07T15:29:40.427593,0.063956,{'message': 'president found on moon'},FAKE,
2025-11-07T15:29:40.528144,2025-11-07T15:29:40.592029,0.063885,{'message': 'price of cheese falls'},FAKE,
2025-11-07T15:29:40.692779,2025-11-07T15:29:40.755443,0.062664,{'message': 'trump puts tariffs on canada'},REAL,
2025-11-07T15:29:40.856118,2025-11-07T15:29:40.915405,0.059287,{'message': 'the king is alive'},REAL,
2025-11-07T15:29:41.016242,2025-11-07T15:29:41.075071,0.058829,{'message': 'president found on moon'},FAKE,
2025-11-07T15:29:41.175895,2025-11-07T15:29:42.249988,1.074093,{'message': 'price of cheese falls'},FAKE,
2025-11-07T15:29:42.350661,2025-11-07T15:29:42.416187,0.065526,{'message': 'trump puts tariffs on canada'},REAL,
2025-11-07T15:29:42.516759,2025-11-07T15:29:42.576384,0.059625,{'message': 'the king is alive'},REAL,
2025-11-07T15:29:42.676839,2025-11-07T15:29:42.739834,0.062995,{'message': 'president found on moon'},FAKE,
2025-11-07T15:29:42.840748,2025-11-07T15:29:42.899813,0.059065,{'message': 'price of cheese falls'},FAKE,
2025-11-07T15:29:43.000387,2025-11-07T15:29:43.063559,0.063172,{'message': 'trump puts tariffs on canada'},REAL,
2025-11-07T15:29:43.163961,2025-11-07T15:29:43.224049,0.060088,{'message': 'the king is alive'},REAL,
2025-11-07T15:29:43.324523,2025-11-07T15:29:43.383505,0.058982,{'message': 'president found on moon'},FAKE,
2025-11-07T15:29:43.484254,2025-11-07T15:29:43.547316,0.063062,{'message': 'price of cheese falls'},FAKE,
2025-11-07T15:29:43.647983,2025-11-07T15:29:43.708767,0.060784,{'message': 'trump puts tariffs on canada'},REAL,
2025-11-07T15:29:43.809342,2025-11-07T15:29:43.872501,0.063159,{'message': 'the king is alive'},REAL,
2025-11-07T15:29:43.973427,2025-11-07T15:29:44.036112,0.062685,{'message': 'president found on moon'},FAKE,
2025-11-07T15:29:44.136498,2025-11-07T15:29:44.201467,0.064969,{'message': 'price of cheese falls'},FAKE,
2025-11-07T15:29:44.301826,2025-11-07T15:29:44.360188,0.058362,{'message': 'trump puts tariffs on canada'},REAL,
2025-11-07T15:29:44.460799,2025-11-07T15:29:44.520576,0.059777,{'message': 'the king is alive'},REAL,
2025-11-07T15:29:44.621529,2025-11-07T15:29:44.683568,0.062039,{'message': 'president found on moon'},FAKE,
2025-11-07T15:29:44.784672,2025-11-07T15:29:44.844527,0.059855,{'message': 'price of cheese falls'},FAKE,
2025-11-07T15:29:44.945315,2025-11-07T15:29:45.005949,0.060634,{'message': 'trump puts tariffs on canada'},REAL,
2025-11-07T15:29:45.106993,2025-11-07T15:29:45.164131,0.057138,{'message': 'the king is alive'},REAL,
2025-11-07T15:29:45.264817,2025-11-07T15:29:45.324705,0.059888,{'message': 'president found on moon'},FAKE,
2025-11-07T15:29:45.425221,2025-11-07T15:29:45.483697,0.058476,{'message': 'price of cheese falls'},FAKE,
2025-11-07T15:29:45.584151,2025-11-07T15:29:45.639998,0.055847,{'message': 'trump puts tariffs on canada'},REAL,
2025-11-07T15:29:45.740960,2025-11-07T15:29:45.799726,0.058766,{'message': 'the king is alive'},REAL,
2025-11-07T15:29:45.900319,2025-11-07T15:29:45.956625,0.056306,{'message': 'president found on moon'},FAKE,
2025-11-07T15:29:46.057447,2025-11-07T15:29:46.115983,0.058536,{'message': 'price of cheese falls'},FAKE,
2025-11-07T15:29:46.216512,2025-11-07T15:29:46.275965,0.059453,{'message': 'trump puts tariffs on canada'},REAL,
2025-11-07T15:29:46.376771,2025-11-07T15:29:46.432411,0.05564,{'message': 'the king is alive'},REAL,
2025-11-07T15:29:46.533189,2025-11-07T15:29:46.593058,0.059869,{'message': 'president found on moon'},FAKE,
2025-11-07T15:29:46.693517,2025-11-07T15:29:46.751758,0.058241,{'message': 'price of cheese falls'},FAKE,
2025-11-07T15:29:46.852455,2025-11-07T15:29:46.908611,0.056156,{'message': 'trump puts tariffs on canada'},REAL,
2025-11-07T15:29:47.009435,2025-11-07T15:29:47.068326,0.058891,{'message': 'the king is alive'},REAL,
2025-11-07T15:29:47.169093,2025-11-07T15:29:47.228017,0.058924,{'message': 'president found on moon'},FAKE,
2025-11-07T15:29:47.328471,2025-11-07T15:29:47.384297,0.055826,{'message': 'price of cheese falls'},FAKE,
2025-11-07T15:29:47.484745,2025-11-07T15:29:47.540373,0.055628,{'message': 'trump puts tariffs on canada'},REAL,
2025-11-07T15:29:47.641088,2025-11-07T15:29:47.700400,0.059312,{'message': 'the king is alive'},REAL,
2025-11-07T15:29:47.800888,2025-11-07T15:29:47.856088,0.0552,{'message': 'president found on moon'},FAKE,
2025-11-07T15:29:47.956761,2025-11-07T15:29:48.011948,0.055187,{'message': 'price of cheese falls'},FAKE,
2025-11-07T15:29:48.112578,2025-11-07T15:29:48.172327,0.059749,{'message': 'trump puts tariffs on canada'},REAL,
2025-11-07T15:29:48.272968,2025-11-07T15:29:48.332058,0.05909,{'message': 'the king is alive'},REAL,
2025-11-07T15:29:48.432761,2025-11-07T15:29:48.496322,0.063561,{'message': 'president found on moon'},FAKE,
2025-11-07T15:29:48.597060,2025-11-07T15:29:48.660240,0.06318,{'message': 'price of cheese falls'},FAKE,
2025-11-07T15:29:48.760723,2025-11-07T15:29:48.824954,0.064231,{'message': 'trump puts tariffs on canada'},REAL,
2025-11-07T15:29:48.926140,2025-11-07T15:29:48.988542,0.062402,{'message': 'the king is alive'},REAL,
2025-11-07T15:29:49.089238,2025-11-07T15:29:49.152797,0.063559,{'message': 'president found on moon'},FAKE,
2025-11-07T15:29:49.253373,2025-11-07T15:29:49.308255,0.054882,{'message': 'price of cheese falls'},FAKE,
2025-11-07T15:29:49.409080,2025-11-07T15:29:49.464727,0.055647,{'message': 'trump puts tariffs on canada'},REAL,
2025-11-07T15:29:49.565266,2025-11-07T15:29:49.624251,0.058985,{'message': 'the king is alive'},REAL,
2025-11-07T15:29:49.724919,2025-11-07T15:29:49.781458,0.056539,{'message': 'president found on moon'},FAKE,
2025-11-07T15:29:49.881966,2025-11-07T15:29:49.940251,0.058285,{'message': 'price of cheese falls'},FAKE,
2025-11-07T15:29:50.041110,2025-11-07T15:29:50.096258,0.055148,{'message': 'trump puts tariffs on canada'},REAL,
2025-11-07T15:29:50.197009,2025-11-07T15:29:50.252778,0.055769,{'message': 'the king is alive'},REAL,
2025-11-07T15:29:50.353566,2025-11-07T15:29:50.415126,0.06156,{'message': 'president found on moon'},FAKE,
2025-11-07T15:29:50.515896,2025-11-07T15:29:50.572647,0.056751,{'message': 'price of cheese falls'},FAKE,
2025-11-07T15:29:50.673384,2025-11-07T15:29:50.733746,0.060362,{'message': 'trump puts tariffs on canada'},REAL,
2025-11-07T15:29:50.834665,2025-11-07T15:29:50.892390,0.057725,{'message': 'the king is alive'},REAL,
2025-11-07T15:29:50.993760,2025-11-07T15:29:51.052998,0.059238,{'message': 'president found on moon'},FAKE,
2025-11-07T15:29:51.153917,2025-11-07T15:29:51.212868,0.058951,{'message': 'price of cheese falls'},FAKE,
2025-11-07T15:29:51.313798,2025-11-07T15:29:51.376934,0.063136,{'message': 'trump puts tariffs on canada'},REAL,
2025-11-07T15:29:51.477493,2025-11-07T15:29:51.541012,0.063519,{'message': 'the king is alive'},REAL,
2025-11-07T15:29:51.641986,2025-11-07T15:29:51.701733,0.059747,{'message': 'president found on moon'},FAKE,
2025-11-07T15:29:51.802691,2025-11-07T15:29:51.861269,0.058578,{'message': 'price of cheese falls'},FAKE,
2025-11-07T15:29:51.961953,2025-11-07T15:29:52.024496,0.062543,{'message': 'trump puts tariffs on canada'},REAL,
2025-11-07T15:29:52.124899,2025-11-07T15:29:52.184687,0.059788,{'message': 'the king is alive'},REAL,
2025-11-07T15:29:52.285466,2025-11-07T15:29:52.344553,0.059087,{'message': 'president found on moon'},FAKE,
2025-11-07T15:29:52.445059,2025-11-07T15:29:52.501272,0.056213,{'message': 'price of cheese falls'},FAKE,
2025-11-07T15:29:52.601754,2025-11-07T15:29:52.663815,0.062061,{'message': 'trump puts tariffs on canada'},REAL,
2025-11-07T15:29:52.764443,2025-11-07T15:29:52.821237,0.056794,{'message': 'the king is alive'},REAL,
2025-11-07T15:29:52.921974,2025-11-07T15:29:52.981148,0.059174,{'message': 'president found on moon'},FAKE,
2025-11-07T15:29:53.081637,2025-11-07T15:29:53.144985,0.063348,{'message': 'price of cheese falls'},FAKE,
2025-11-07T15:29:53.245934,2025-11-07T15:29:53.308519,0.062585,{'message': 'trump puts tariffs on canada'},REAL,
2025-11-07T15:29:53.409037,2025-11-07T15:29:53.465126,0.056089,{'message': 'the king is alive'},REAL,
2025-11-07T15:29:53.565941,2025-11-07T15:29:53.624870,0.058929,{'message': 'president found on moon'},FAKE,
2025-11-07T15:29:53.725446,2025-11-07T15:29:53.784826,0.05938,{'message': 'price of cheese falls'},FAKE,
2025-11-07T15:29:53.885394,2025-11-07T15:29:53.940688,0.055294,{'message': 'trump puts tariffs on canada'},REAL,
2025-11-07T15:29:54.041554,2025-11-07T15:29:54.100874,0.05932,{'message': 'the king is alive'},REAL,
2025-11-07T15:29:54.201626,2025-11-07T15:29:54.257553,0.055927,{'message': 'president found on moon'},FAKE,
2025-11-07T15:29:54.358245,2025-11-07T15:29:54.417784,0.059539,{'message': 'price of cheese falls'},FAKE,
2025-11-07T15:29:54.518949,2025-11-07T15:29:54.577391,0.058442,{'message': 'trump puts tariffs on canada'},REAL,
2025-11-07T15:29:54.677862,2025-11-07T15:29:54.732559,0.054697,{'message': 'the king is alive'},REAL,
2025-11-07T15:29:54.833837,2025-11-07T15:29:54.897073,0.063236,{'message': 'president found on moon'},FAKE,
2025-11-07T15:29:54.997984,2025-11-07T15:29:55.061233,0.063249,{'message': 'price of cheese falls'},FAKE,
2025-11-07T15:29:55.161779,2025-11-07T15:29:55.221177,0.059398,{'message': 'trump puts tariffs on canada'},REAL,
2025-11-07T15:29:55.321823,2025-11-07T15:29:55.382201,0.060378,{'message': 'the king is alive'},REAL,
2025-11-07T15:29:55.482806,2025-11-07T15:29:55.540792,0.057986,{'message': 'president found on moon'},FAKE,
2025-11-07T15:29:55.641343,2025-11-07T15:29:55.703962,0.062619,{'message': 'price of cheese falls'},FAKE,
2025-11-07T15:29:55.804764,2025-11-07T15:29:55.861286,0.056522,{'message': 'trump puts tariffs on canada'},REAL,
2025-11-07T15:29:55.961887,2025-11-07T15:29:56.026647,0.06476,{'message': 'the king is alive'},REAL,
2025-11-07T15:29:56.127149,2025-11-07T15:29:56.186133,0.058984,{'message': 'president found on moon'},FAKE,
2025-11-07T15:29:56.286654,2025-11-07T15:29:56.350230,0.063576,{'message': 'price of cheese falls'},FAKE,
2025-11-07T15:29:56.450925,2025-11-07T15:29:56.517559,0.066634,{'message': 'trump puts tariffs on canada'},REAL,
2025-11-07T15:29:56.618157,2025-11-07T15:29:56.673070,0.054913,{'message': 'the king is alive'},REAL,
2025-11-07T15:29:56.773853,2025-11-07T15:29:56.845243,0.07139,{'message': 'president found on moon'},FAKE,
2025-11-07T15:29:56.946044,2025-11-07T15:29:57.036238,0.090194,{'message': 'price of cheese falls'},FAKE,
2025-11-07T15:29:57.137098,2025-11-07T15:29:57.220521,0.083423,{'message': 'trump puts tariffs on canada'},REAL,
2025-11-07T15:29:57.321261,2025-11-07T15:29:57.385527,0.064266,{'message': 'the king is alive'},REAL,
2025-11-07T15:29:57.486051,2025-11-07T15:29:57.541236,0.055185,{'message': 'president found on moon'},FAKE,
2025-11-07T15:29:57.641792,2025-11-07T15:29:57.698471,0.056679,{'message': 'price of cheese falls'},FAKE,
2025-11-07T15:29:57.799154,2025-11-07T15:29:57.865238,0.066084,{'message': 'trump puts tariffs on canada'},REAL,
2025-11-07T15:29:57.966205,2025-11-07T15:29:58.025640,0.059435,{'message': 'the king is alive'},REAL,
2025-11-07T15:29:58.126588,2025-11-07T15:29:58.186616,0.060028,{'message': 'president found on moon'},FAKE,
2025-11-07T15:29:58.287067,2025-11-07T15:29:58.345980,0.058913,{'message': 'price of cheese falls'},FAKE,
2025-11-07T15:29:58.446764,2025-11-07T15:29:58.504047,0.057283,{'message': 'trump puts tariffs on canada'},REAL,
2025-11-07T15:29:58.604520,2025-11-07T15:29:58.665413,0.060893,{'message': 'the king is alive'},REAL,
2025-11-07T15:29:58.766160,2025-11-07T15:29:58.822820,0.05666,{'message': 'president found on moon'},FAKE,
2025-11-07T15:29:58.923338,2025-11-07T15:29:58.985838,0.0625,{'message': 'price of cheese falls'},FAKE,
2025-11-07T15:29:59.086348,2025-11-07T15:29:59.146147,0.059799,{'message': 'trump puts tariffs on canada'},REAL,
2025-11-07T15:29:59.246888,2025-11-07T15:29:59.311106,0.064218,{'message': 'the king is alive'},REAL,
2025-11-07T15:29:59.411990,2025-11-07T15:29:59.473551,0.061561,{'message': 'president found on moon'},FAKE,
2025-11-07T15:29:59.574416,2025-11-07T15:29:59.630276,0.05586,{'message': 'price of cheese falls'},FAKE,
2025-11-07T15:29:59.731250,2025-11-07T15:29:59.789879,0.058629,{'message': 'trump puts tariffs on canada'},REAL,
2025-11-07T15:29:59.890645,2025-11-07T15:29:59.958322,0.067677,{'message': 'the king is alive'},REAL,
2025-11-07T15:30:00.059013,2025-11-07T15:30:00.118390,0.059377,{'message': 'president found on moon'},FAKE,
2025-11-07T15:30:00.219744,2025-11-07T15:30:00.278445,0.058701,{'message': 'price of cheese falls'},FAKE,
2025-11-07T15:30:00.379222,2025-11-07T15:30:00.445201,0.065979,{'message': 'trump puts tariffs on canada'},REAL,
2025-11-07T15:30:00.545833,2025-11-07T15:30:00.610929,0.065096,{'message': 'the king is alive'},REAL,
2025-11-07T15:30:00.711551,2025-11-07T15:30:00.770267,0.058716,{'message': 'president found on moon'},FAKE,
2025-11-07T15:30:00.870982,2025-11-07T15:30:00.929803,0.058821,{'message': 'price of cheese falls'},FAKE,
2025-11-07T15:30:01.030524,2025-11-07T15:30:01.086477,0.055953,{'message': 'trump puts tariffs on canada'},REAL,
2025-11-07T15:30:01.187397,2025-11-07T15:30:01.248348,0.060951,{'message': 'the king is alive'},REAL,
2025-11-07T15:30:01.350297,2025-11-07T15:30:01.406560,0.056263,{'message': 'president found on moon'},FAKE,
2025-11-07T15:30:01.507090,2025-11-07T15:30:01.569730,0.06264,{'message': 'price of cheese falls'},FAKE,
2025-11-07T15:30:01.671460,2025-11-07T15:30:01.731683,0.060223,{'message': 'trump puts tariffs on canada'},REAL,
2025-11-07T15:30:01.832382,2025-11-07T15:30:01.893918,0.061536,{'message': 'the king is alive'},REAL,
2025-11-07T15:30:01.994479,2025-11-07T15:30:02.054352,0.059873,{'message': 'president found on moon'},FAKE,
2025-11-07T15:30:02.154936,2025-11-07T15:30:02.214027,0.059091,{'message': 'price of cheese falls'},FAKE,
2025-11-07T15:30:02.314665,2025-11-07T15:30:02.381806,0.067141,{'message': 'trump puts tariffs on canada'},REAL,
2025-11-07T15:30:02.482483,2025-11-07T15:30:02.569477,0.086994,{'message': 'the king is alive'},REAL,
2025-11-07T15:30:02.669981,2025-11-07T15:30:02.733747,0.063766,{'message': 'president found on moon'},FAKE,
2025-11-07T15:30:02.834628,2025-11-07T15:30:02.905820,0.071192,{'message': 'price of cheese falls'},FAKE,
2025-11-07T15:30:03.006624,2025-11-07T15:30:03.065829,0.059205,{'message': 'trump puts tariffs on canada'},REAL,
2025-11-07T15:30:03.166605,2025-11-07T15:30:03.222124,0.055519,{'message': 'the king is alive'},REAL,
2025-11-07T15:30:03.322744,2025-11-07T15:30:03.378306,0.055562,{'message': 'president found on moon'},FAKE,
2025-11-07T15:30:03.478876,2025-11-07T15:30:03.534143,0.055267,{'message': 'price of cheese falls'},FAKE,
2025-11-07T15:30:03.634784,2025-11-07T15:30:03.703646,0.068862,{'message': 'trump puts tariffs on canada'},REAL,
2025-11-07T15:30:03.804272,2025-11-07T15:30:03.874949,0.070677,{'message': 'the king is alive'},REAL,
2025-11-07T15:30:03.975898,2025-11-07T15:30:04.043485,0.067587,{'message': 'president found on moon'},FAKE,
2025-11-07T15:30:04.144375,2025-11-07T15:30:04.202091,0.057716,{'message': 'price of cheese falls'},FAKE,
2025-11-07T15:30:04.302808,2025-11-07T15:30:04.369922,0.067114,{'message': 'trump puts tariffs on canada'},REAL,
2025-11-07T15:30:04.470647,2025-11-07T15:30:04.534212,0.063565,{'message': 'the king is alive'},REAL,
2025-11-07T15:30:04.634822,2025-11-07T15:30:04.698926,0.064104,{'message': 'president found on moon'},FAKE,
2025-11-07T15:30:04.799391,2025-11-07T15:30:04.858265,0.058874,{'message': 'price of cheese falls'},FAKE,
2025-11-07T15:30:04.959218,2025-11-07T15:30:05.018257,0.059039,{'message': 'trump puts tariffs on canada'},REAL,
2025-11-07T15:30:05.118822,2025-11-07T15:30:05.182964,0.064142,{'message': 'the king is alive'},REAL,
2025-11-07T15:30:05.283785,2025-11-07T15:30:05.346490,0.062705,{'message': 'president found on moon'},FAKE,
2025-11-07T15:30:05.447007,2025-11-07T15:30:05.503723,0.056716,{'message': 'price of cheese falls'},FAKE,
2025-11-07T15:30:05.604595,2025-11-07T15:30:05.667514,0.062919,{'message': 'trump puts tariffs on canada'},REAL,
2025-11-07T15:30:05.768246,2025-11-07T15:30:05.826949,0.058703,{'message': 'the king is alive'},REAL,
2025-11-07T15:30:05.927486,2025-11-07T15:30:05.989277,0.061791,{'message': 'president found on moon'},FAKE,
2025-11-07T15:30:06.090218,2025-11-07T15:30:06.150292,0.060074,{'message': 'price of cheese falls'},FAKE,
2025-11-07T15:30:06.251077,2025-11-07T15:30:06.306751,0.055674,{'message': 'trump puts tariffs on canada'},REAL,
2025-11-07T15:30:06.407632,2025-11-07T15:30:06.470735,0.063103,{'message': 'the king is alive'},REAL,
2025-11-07T15:30:06.571843,2025-11-07T15:30:06.631062,0.059219,{'message': 'president found on moon'},FAKE,
2025-11-07T15:30:06.731522,2025-11-07T15:30:06.790795,0.059273,{'message': 'price of cheese falls'},FAKE,
2025-11-07T15:30:06.891501,2025-11-07T15:30:06.955869,0.064368,{'message': 'trump puts tariffs on canada'},REAL,
2025-11-07T15:30:07.057003,2025-11-07T15:30:08.130682,1.073679,{'message': 'the king is alive'},REAL,
2025-11-07T15:30:08.231539,2025-11-07T15:30:08.295902,0.064363,{'message': 'president found on moon'},FAKE,
2025-11-07T15:30:08.396355,2025-11-07T15:30:08.454744,0.058389,{'message': 'price of cheese falls'},FAKE,
2025-11-07T15:30:08.555802,2025-11-07T15:30:08.611089,0.055287,{'message': 'trump puts tariffs on canada'},REAL,
2025-11-07T15:30:08.711813,2025-11-07T15:30:08.767810,0.055997,{'message': 'the king is alive'},REAL,
2025-11-07T15:30:08.868458,2025-11-07T15:30:08.934735,0.066277,{'message': 'president found on moon'},FAKE,
2025-11-07T15:30:09.035291,2025-11-07T15:30:09.095356,0.060065,{'message': 'price of cheese falls'},FAKE,
2025-11-07T15:30:09.196195,2025-11-07T15:30:09.255305,0.05911,{'message': 'trump puts tariffs on canada'},REAL,
2025-11-07T15:30:09.356119,2025-11-07T15:30:09.411961,0.055842,{'message': 'the king is alive'},REAL,
2025-11-07T15:30:09.512483,2025-11-07T15:30:09.570922,0.058439,{'message': 'president found on moon'},FAKE,
2025-11-07T15:30:09.671590,2025-11-07T15:30:09.731164,0.059574,{'message': 'price of cheese falls'},FAKE,
2025-11-07T15:30:09.832119,2025-11-07T15:30:09.892401,0.060282,{'message': 'trump puts tariffs on canada'},REAL,
2025-11-07T15:30:09.993203,2025-11-07T15:30:10.054835,0.061632,{'message': 'the king is alive'},REAL,
2025-11-07T15:30:10.155590,2025-11-07T15:30:10.215278,0.059688,{'message': 'president found on moon'},FAKE,
2025-11-07T15:30:10.315848,2025-11-07T15:30:10.375386,0.059538,{'message': 'price of cheese falls'},FAKE,
2025-11-07T15:30:10.476232,2025-11-07T15:30:10.535362,0.05913,{'message': 'trump puts tariffs on canada'},REAL,
2025-11-07T15:30:10.636182,2025-11-07T15:30:10.695049,0.058867,{'message': 'the king is alive'},REAL,
2025-11-07T15:30:10.795812,2025-11-07T15:30:10.851450,0.055638,{'message': 'president found on moon'},FAKE,
2025-11-07T15:30:10.952044,2025-11-07T15:30:11.011290,0.059246,{'message': 'price of cheese falls'},FAKE,
2025-11-07T15:30:11.111913,2025-11-07T15:30:11.171150,0.059237,{'message': 'trump puts tariffs on canada'},REAL,
2025-11-07T15:30:11.271962,2025-11-07T15:30:11.327044,0.055082,{'message': 'the king is alive'},REAL,
2025-11-07T15:30:11.428003,2025-11-07T15:30:11.483128,0.055125,{'message': 'president found on moon'},FAKE,
2025-11-07T15:30:11.584364,2025-11-07T15:30:11.643473,0.059109,{'message': 'price of cheese falls'},FAKE,
2025-11-07T15:30:11.744067,2025-11-07T15:30:11.811158,0.067091,{'message': 'trump puts tariffs on canada'},REAL,
2025-11-07T15:30:11.911689,2025-11-07T15:30:11.972211,0.060522,{'message': 'the king is alive'},REAL,
2025-11-07T15:30:12.073163,2025-11-07T15:30:12.132306,0.059143,{'message': 'president found on moon'},FAKE,
2025-11-07T15:30:12.233142,2025-11-07T15:30:12.299294,0.066152,{'message': 'price of cheese falls'},FAKE,
2025-11-07T15:30:12.400014,2025-11-07T15:30:12.455317,0.055303,{'message': 'trump puts tariffs on canada'},REAL,
2025-11-07T15:30:12.556481,2025-11-07T15:30:12.635564,0.079083,{'message': 'the king is alive'},REAL,
2025-11-07T15:30:12.736276,2025-11-07T15:30:12.791582,0.055306,{'message': 'president found on moon'},FAKE,
2025-11-07T15:30:12.892050,2025-11-07T15:30:12.947650,0.0556,{'message': 'price of cheese falls'},FAKE,
2025-11-07T15:30:13.048326,2025-11-07T15:30:13.107317,0.058991,{'message': 'trump puts tariffs on canada'},REAL,
2025-11-07T15:30:13.208252,2025-11-07T15:30:13.267913,0.059661,{'message': 'the king is alive'},REAL,
2025-11-07T15:30:13.368792,2025-11-07T15:30:13.427278,0.058486,{'message': 'president found on moon'},FAKE,
2025-11-07T15:30:13.527868,2025-11-07T15:30:13.583310,0.055442,{'message': 'price of cheese falls'},FAKE,
2025-11-07T15:30:13.683834,2025-11-07T15:30:13.753201,0.069367,{'message': 'trump puts tariffs on canada'},REAL,
2025-11-07T15:30:13.853763,2025-11-07T15:30:13.927777,0.074014,{'message': 'the king is alive'},REAL,
2025-11-07T15:30:14.028642,2025-11-07T15:30:14.087866,0.059224,{'message': 'president found on moon'},FAKE,
2025-11-07T15:30:14.188454,2025-11-07T15:30:14.248279,0.059825,{'message': 'price of cheese falls'},FAKE,
2025-11-07T15:30:14.348984,2025-11-07T15:30:14.423741,0.074757,{'message': 'trump puts tariffs on canada'},REAL,
2025-11-07T15:30:14.524512,2025-11-07T15:30:14.595404,0.070892,{'message': 'the king is alive'},REAL,
2025-11-07T15:30:14.696456,2025-11-07T15:30:14.775764,0.079308,{'message': 'president found on moon'},FAKE,
2025-11-07T15:30:14.876439,2025-11-07T15:30:14.944778,0.068339,{'message': 'price of cheese falls'},FAKE,
2025-11-07T15:30:15.045374,2025-11-07T15:30:15.103626,0.058252,{'message': 'trump puts tariffs on canada'},REAL,
2025-11-07T15:30:15.204651,2025-11-07T15:30:15.260057,0.055406,{'message': 'the king is alive'},REAL,
2025-11-07T15:30:15.361462,2025-11-07T15:30:15.420052,0.05859,{'message': 'president found on moon'},FAKE,
2025-11-07T15:30:15.520945,2025-11-07T15:30:15.580646,0.059701,{'message': 'price of cheese falls'},FAKE,
2025-11-07T15:30:15.681625,2025-11-07T15:30:15.744097,0.062472,{'message': 'trump puts tariffs on canada'},REAL,
2025-11-07T15:30:15.844839,2025-11-07T15:30:15.913288,0.068449,{'message': 'the king is alive'},REAL,
2025-11-07T15:30:16.013793,2025-11-07T15:30:16.080431,0.066638,{'message': 'president found on moon'},FAKE,
2025-11-07T15:30:16.181265,2025-11-07T15:30:16.245276,0.064011,{'message': 'price of cheese falls'},FAKE,
2025-11-07T15:30:16.346008,2025-11-07T15:30:16.411823,0.065815,{'message': 'trump puts tariffs on canada'},REAL,
2025-11-07T15:30:16.512449,2025-11-07T15:30:16.574282,0.061833,{'message': 'the king is alive'},REAL,
2025-11-07T15:30:16.675202,2025-11-07T15:30:16.733732,0.05853,{'message': 'president found on moon'},FAKE,
2025-11-07T15:30:16.834578,2025-11-07T15:30:16.902110,0.067532,{'message': 'price of cheese falls'},FAKE,
2025-11-07T15:30:17.002999,2025-11-07T15:30:17.071408,0.068409,{'message': 'trump puts tariffs on canada'},REAL,
2025-11-07T15:30:17.172078,2025-11-07T15:30:17.249084,0.077006,{'message': 'the king is alive'},REAL,
2025-11-07T15:30:17.349711,2025-11-07T15:30:17.424038,0.074327,{'message': 'president found on moon'},FAKE,
2025-11-07T15:30:17.524721,2025-11-07T15:30:17.599253,0.074532,{'message': 'price of cheese falls'},FAKE,
2025-11-07T15:30:17.701559,2025-11-07T15:30:17.782626,0.081067,{'message': 'trump puts tariffs on canada'},REAL,
2025-11-07T15:30:17.883234,2025-11-07T15:30:17.940825,0.057591,{'message': 'the king is alive'},REAL,
2025-11-07T15:30:18.041456,2025-11-07T15:30:18.100044,0.058588,{'message': 'president found on moon'},FAKE,
2025-11-07T15:30:18.200783,2025-11-07T15:30:18.260599,0.059816,{'message': 'price of cheese falls'},FAKE,
2025-11-07T15:30:18.361334,2025-11-07T15:30:18.419647,0.058313,{'message': 'trump puts tariffs on canada'},REAL,
2025-11-07T15:30:18.520375,2025-11-07T15:30:18.576182,0.055807,{'message': 'the king is alive'},REAL,
2025-11-07T15:30:18.676659,2025-11-07T15:30:18.732905,0.056246,{'message': 'president found on moon'},FAKE,
2025-11-07T15:30:18.833477,2025-11-07T15:30:18.895992,0.062515,{'message': 'price of cheese falls'},FAKE,
2025-11-07T15:30:18.997091,2025-11-07T15:30:19.051959,0.054868,{'message': 'trump puts tariffs on canada'},REAL,
2025-11-07T15:30:19.152923,2025-11-07T15:30:19.216953,0.06403,{'message': 'the king is alive'},REAL,
2025-11-07T15:30:19.317653,2025-11-07T15:30:19.376196,0.058543,{'message': 'president found on moon'},FAKE,
2025-11-07T15:30:19.476781,2025-11-07T15:30:19.532311,0.05553,{'message': 'price of cheese falls'},FAKE,
2025-11-07T15:30:19.633232,2025-11-07T15:30:19.693275,0.060043,{'message': 'trump puts tariffs on canada'},REAL,
2025-11-07T15:30:19.793913,2025-11-07T15:30:19.856713,0.0628,{'message': 'the king is alive'},REAL,
2025-11-07T15:30:19.957231,2025-11-07T15:30:20.011966,0.054735,{'message': 'president found on moon'},FAKE,
2025-11-07T15:30:20.112923,2025-11-07T15:30:20.176542,0.063619,{'message': 'price of cheese falls'},FAKE,
2025-11-07T15:30:20.277155,2025-11-07T15:30:20.333402,0.056247,{'message': 'trump puts tariffs on canada'},REAL,
2025-11-07T15:30:20.434273,2025-11-07T15:30:20.492562,0.058289,{'message': 'the king is alive'},REAL,
2025-11-07T15:30:20.593093,2025-11-07T15:30:20.648696,0.055603,{'message': 'president found on moon'},FAKE,
2025-11-07T15:30:20.749425,2025-11-07T15:30:20.808812,0.059387,{'message': 'price of cheese falls'},FAKE,
2025-11-07T15:30:20.909665,2025-11-07T15:30:20.973010,0.063345,{'message': 'trump puts tariffs on canada'},REAL,
2025-11-07T15:30:21.073574,2025-11-07T15:30:21.136628,0.063054,{'message': 'the king is alive'},REAL,
2025-11-07T15:30:21.237512,2025-11-07T15:30:21.296343,0.058831,{'message': 'president found on moon'},FAKE,
2025-11-07T15:30:21.397459,2025-11-07T15:30:21.458137,0.060678,{'message': 'price of cheese falls'},FAKE,
2025-11-07T15:30:21.558799,2025-11-07T15:30:21.616432,0.057633,{'message': 'trump puts tariffs on canada'},REAL,
2025-11-07T15:30:21.717318,2025-11-07T15:30:21.785632,0.068314,{'message': 'the king is alive'},REAL,
2025-11-07T15:30:21.886590,2025-11-07T15:30:21.947160,0.06057,{'message': 'president found on moon'},FAKE,
2025-11-07T15:30:22.047999,2025-11-07T15:30:22.109704,0.061705,{'message': 'price of cheese falls'},FAKE,
2025-11-07T15:30:22.213988,2025-11-07T15:30:22.280912,0.066924,{'message': 'trump puts tariffs on canada'},REAL,
2025-11-07T15:30:22.381353,2025-11-07T15:30:22.444344,0.062991,{'message': 'the king is alive'},REAL,
2025-11-07T15:30:22.545004,2025-11-07T15:30:22.601598,0.056594,{'message': 'president found on moon'},FAKE,
2025-11-07T15:30:22.702555,2025-11-07T15:30:22.761863,0.059308,{'message': 'price of cheese falls'},FAKE,
2025-11-07T15:30:22.862478,2025-11-07T15:30:22.920762,0.058284,{'message': 'trump puts tariffs on canada'},REAL,
2025-11-07T15:30:23.021392,2025-11-07T15:30:23.091189,0.069797,{'message': 'the king is alive'},REAL,
2025-11-07T15:30:23.191726,2025-11-07T15:30:23.252897,0.061171,{'message': 'president found on moon'},FAKE,
2025-11-07T15:30:23.353373,2025-11-07T15:30:23.415110,0.061737,{'message': 'price of cheese falls'},FAKE,
2025-11-07T15:30:23.515676,2025-11-07T15:30:23.572682,0.057006,{'message': 'trump puts tariffs on canada'},REAL,
2025-11-07T15:30:23.673350,2025-11-07T15:30:23.733631,0.060281,{'message': 'the king is alive'},REAL,
2025-11-07T15:30:23.834074,2025-11-07T15:30:23.893242,0.059168,{'message': 'president found on moon'},FAKE,
2025-11-07T15:30:23.994188,2025-11-07T15:30:24.065329,0.071141,{'message': 'price of cheese falls'},FAKE,
2025-11-07T15:30:24.165736,2025-11-07T15:30:24.229128,0.063392,{'message': 'trump puts tariffs on canada'},REAL,
2025-11-07T15:30:24.329772,2025-11-07T15:30:24.388761,0.058989,{'message': 'the king is alive'},REAL,
2025-11-07T15:30:24.489621,2025-11-07T15:30:24.544854,0.055233,{'message': 'president found on moon'},FAKE,
2025-11-07T15:30:24.645839,2025-11-07T15:30:24.705038,0.059199,{'message': 'price of cheese falls'},FAKE,
2025-11-07T15:30:24.805964,2025-11-07T15:30:24.865062,0.059098,{'message': 'trump puts tariffs on canada'},REAL,
2025-11-07T15:30:24.965603,2025-11-07T15:30:25.021251,0.055648,{'message': 'the king is alive'},REAL,
2025-11-07T15:30:25.122164,2025-11-07T15:30:25.176754,0.05459,{'message': 'president found on moon'},FAKE,
2025-11-07T15:30:25.277317,2025-11-07T15:30:25.346333,0.069016,{'message': 'price of cheese falls'},FAKE,
2025-11-07T15:30:25.447697,2025-11-07T15:30:25.506126,0.058429,{'message': 'trump puts tariffs on canada'},REAL,
2025-11-07T15:30:25.606963,2025-11-07T15:30:25.670201,0.063238,{'message': 'the king is alive'},REAL,
2025-11-07T15:30:25.771403,2025-11-07T15:30:25.829213,0.05781,{'message': 'president found on moon'},FAKE,
2025-11-07T15:30:25.929938,2025-11-07T15:30:25.990286,0.060348,{'message': 'price of cheese falls'},FAKE,
2025-11-07T15:30:26.091658,2025-11-07T15:30:26.152932,0.061274,{'message': 'trump puts tariffs on canada'},REAL,
2025-11-07T15:30:26.254138,2025-11-07T15:30:26.313333,0.059195,{'message': 'the king is alive'},REAL,
2025-11-07T15:30:26.413778,2025-11-07T15:30:26.473761,0.059983,{'message': 'president found on moon'},FAKE,
2025-11-07T15:30:26.574296,2025-11-07T15:30:26.636908,0.062612,{'message': 'price of cheese falls'},FAKE,
2025-11-07T15:30:26.737603,2025-11-07T15:30:26.793030,0.055427,{'message': 'trump puts tariffs on canada'},REAL,
2025-11-07T15:30:26.893956,2025-11-07T15:30:26.949111,0.055155,{'message': 'the king is alive'},REAL,
2025-11-07T15:30:27.049770,2025-11-07T15:30:27.106015,0.056245,{'message': 'president found on moon'},FAKE,
2025-11-07T15:30:27.207195,2025-11-07T15:30:27.270224,0.063029,{'message': 'price of cheese falls'},FAKE,
2025-11-07T15:30:27.371305,2025-11-07T15:30:27.429578,0.058273,{'message': 'trump puts tariffs on canada'},REAL,
2025-11-07T15:30:27.530494,2025-11-07T15:30:27.585561,0.055067,{'message': 'the king is alive'},REAL,
2025-11-07T15:30:27.686763,2025-11-07T15:30:27.745280,0.058517,{'message': 'president found on moon'},FAKE,
2025-11-07T15:30:27.846142,2025-11-07T15:30:27.905930,0.059788,{'message': 'price of cheese falls'},FAKE,
2025-11-07T15:30:28.006432,2025-11-07T15:30:28.065503,0.059071,{'message': 'trump puts tariffs on canada'},REAL,
2025-11-07T15:30:28.166426,2025-11-07T15:30:28.230031,0.063605,{'message': 'the king is alive'},REAL,
2025-11-07T15:30:28.330927,2025-11-07T15:30:28.389576,0.058649,{'message': 'president found on moon'},FAKE,
2025-11-07T15:30:28.490304,2025-11-07T15:30:28.549693,0.059389,{'message': 'price of cheese falls'},FAKE,
2025-11-07T15:30:28.650615,2025-11-07T15:30:28.713464,0.062849,{'message': 'trump puts tariffs on canada'},REAL,
2025-11-07T15:30:28.814226,2025-11-07T15:30:28.870441,0.056215,{'message': 'the king is alive'},REAL,
2025-11-07T15:30:28.971164,2025-11-07T15:30:29.029632,0.058468,{'message': 'president found on moon'},FAKE,
2025-11-07T15:30:29.133459,2025-11-07T15:30:29.198139,0.06468,{'message': 'price of cheese falls'},FAKE,
2025-11-07T15:30:29.299001,2025-11-07T15:30:29.369537,0.070536,{'message': 'trump puts tariffs on canada'},REAL,
2025-11-07T15:30:29.470311,2025-11-07T15:30:29.533138,0.062827,{'message': 'the king is alive'},REAL,
2025-11-07T15:30:29.634323,2025-11-07T15:30:29.698897,0.064574,{'message': 'president found on moon'},FAKE,
2025-11-07T15:30:29.799650,2025-11-07T15:30:29.861620,0.06197,{'message': 'price of cheese falls'},FAKE,
2025-11-07T15:30:29.962518,2025-11-07T15:30:30.021475,0.058957,{'message': 'trump puts tariffs on canada'},REAL,
2025-11-07T15:30:30.122239,2025-11-07T15:30:30.205659,0.08342,{'message': 'the king is alive'},REAL,
2025-11-07T15:30:30.306298,2025-11-07T15:30:30.377135,0.070837,{'message': 'president found on moon'},FAKE,
2025-11-07T15:30:30.479543,2025-11-07T15:30:30.547217,0.067674,{'message': 'price of cheese falls'},FAKE,
2025-11-07T15:30:30.650053,2025-11-07T15:30:30.713534,0.063481,{'message': 'trump puts tariffs on canada'},REAL,
2025-11-07T15:30:30.814339,2025-11-07T15:30:30.873752,0.059413,{'message': 'the king is alive'},REAL,
2025-11-07T15:30:30.974888,2025-11-07T15:30:31.037874,0.062986,{'message': 'president found on moon'},FAKE,
2025-11-07T15:30:31.138891,2025-11-07T15:30:31.203653,0.064762,{'message': 'price of cheese falls'},FAKE,
2025-11-07T15:30:31.305300,2025-11-07T15:30:31.369848,0.064548,{'message': 'trump puts tariffs on canada'},REAL,
2025-11-07T15:30:31.470541,2025-11-07T15:30:31.529660,0.059119,{'message': 'the king is alive'},REAL,
2025-11-07T15:30:31.630676,2025-11-07T15:30:31.699443,0.068767,{'message': 'president found on moon'},FAKE,
2025-11-07T15:30:31.800103,2025-11-07T15:30:31.858665,0.058562,{'message': 'price of cheese falls'},FAKE,
2025-11-07T15:30:31.959560,2025-11-07T15:30:32.025336,0.065776,{'message': 'trump puts tariffs on canada'},REAL,
2025-11-07T15:30:32.128480,2025-11-07T15:30:32.203213,0.074733,{'message': 'the king is alive'},REAL,
2025-11-07T15:30:32.303684,2025-11-07T15:30:32.361985,0.058301,{'message': 'president found on moon'},FAKE,
2025-11-07T15:30:32.462621,2025-11-07T15:30:32.521871,0.05925,{'message': 'price of cheese falls'},FAKE,
2025-11-07T15:30:32.622340,2025-11-07T15:30:32.681939,0.059599,{'message': 'trump puts tariffs on canada'},REAL,
2025-11-07T15:30:32.782728,2025-11-07T15:30:32.844388,0.06166,{'message': 'the king is alive'},REAL,
